CarreraID,Nombre,Apellidos,Edad,Sexo,Duracion
tr_cobre_23,Antonio,Ruiz Ramos,50,HOMBRE,PT1H28M6.305983S
tr_cobre_23,Pilar,Ramos Álvarez,52,MUJER,PT1H17M14.651263S
tr_cobre_23,Pedro,Domínguez Ruiz,22,HOMBRE,PT1H27M45.672413S
tr_cobre_23,Sara,Navarro Díaz,53,MUJER,PT1H23M13.107446S
tr_cobre_23,Ana,Gil Ramos,57,MUJER,PT1H28M14.923063S
tr_cobre_23,Carlos,Serrano Torres,36,HOMBRE,PT1H35M41.343167S
tr_cobre_23,Juan,Jiménez García,22,HOMBRE,PT1H21M26.273364S
tr_cobre_23,Luis,Pérez Gómez,19,HOMBRE,PT1H30M13.933086S
tr_cobre_23,Fernando,Moreno Moreno,20,HOMBRE,PT1H35M4.692418S
tr_cobre_23,Laura,Gutiérrez Blanco,27,MUJER,PT1H21M52.74454S
tr_cobre_23,Manuel,Moreno López,40,HOMBRE,PT1H24M12.542012S
tr_cobre_23,Ana,Blanco Vázquez,21,MUJER,PT1H34M52.047886S
tr_cobre_23,Álvaro,García Muñoz,27,HOMBRE,PT1H11M23.914187S
tr_cobre_23,Teresa,Moreno Ramírez,46,MUJER,PT1H31M38.717354S
tr_cobre_23,Antonio,Hernández Ramos,26,HOMBRE,PT1H12M42.040443S
tr_cobre_23,Javier,García Hernández,50,HOMBRE,PT1H14M32.719611S
tr_cobre_23,Álvaro,Martín Martín,51,HOMBRE,PT1H27M4.166647S
tr_cobre_23,Manuel,Gil Molina,19,HOMBRE,PT1H35M48.354076S
tr_cobre_23,Elena,Blanco Vázquez,46,MUJER,PT1H35M41.607873S
tr_cobre_23,Luis,Navarro Navarro,24,HOMBRE,PT1H22M18.24456S
tr_cobre_23,Álvaro,Blanco Díaz,54,HOMBRE,PT1H34M5.958157S
tr_cobre_23,Pedro,Jiménez Domínguez,49,HOMBRE,PT1H15M43.904817S
tr_cobre_23,Francisco,García Díaz,39,HOMBRE,PT1H21M30.146466S
tr_cobre_23,Francisco,Torres Romero,48,HOMBRE,PT1H37M41.071851S
tr_cobre_23,María,Gutiérrez Vázquez,48,MUJER,PT1H33M5.376145S
tr_cobre_23,Carlos,Álvarez Gutiérrez,51,HOMBRE,PT1H31M32.573622S
tr_cobre_23,Juan,Álvarez Díaz,23,HOMBRE,PT1H35M23.323871S
tr_cobre_23,David,Rodríguez Ruiz,30,HOMBRE,PT1H9M16.848791S
tr_cobre_23,Lucía,Alonso Muñoz,25,MUJER,PT1H15M15.113716S
tr_cobre_23,Álvaro,Martínez Martínez,52,HOMBRE,PT1H9M21.943516S
tr_cobre_23,Luis,Fernández Moreno,57,HOMBRE,PT1H14M0.568271S
tr_cobre_23,Javier,Gil Sánchez,58,HOMBRE,PT1H16M36.912885S
tr_cobre_23,Alicia,Gómez Ramírez,43,MUJER,PT1H20M12.116475S
tr_cobre_23,Alejandro,Molina Sánchez,30,HOMBRE,PT1H10M51.003209S
tr_cobre_23,Luis,Serrano Torres,52,HOMBRE,PT1H21M49.715732S
tr_cobre_23,Raúl,Torres Hernández,18,HOMBRE,PT1H36M22.689411S
tr_cobre_23,Marta,Pérez Gutiérrez,49,MUJER,PT1H21M34.440152S
tr_cobre_23,Martina,García Serrano,33,MUJER,PT1H11M58.381977S
tr_cobre_23,Raúl,Díaz Sánchez,19,HOMBRE,PT1H16M32.780893S
tr_cobre_23,Elena,Serrano Navarro,48,MUJER,PT1H35M59.924407S
tr_cobre_23,Elena,Molina Ramos,45,MUJER,PT1H27M41.446812S
tr_cobre_23,Teresa,Alonso Gil,24,MUJER,PT1H13M44.664528S
tr_cobre_23,Carmen,Moreno Ramos,45,MUJER,PT1H20M22.876684S
tr_cobre_23,Álvaro,García Blanco,57,HOMBRE,PT1H32M49.364791S
tr_cobre_23,Raúl,Blanco Domínguez,18,HOMBRE,PT1H13M3.284612S
tr_cobre_23,Manuel,Díaz Sánchez,18,HOMBRE,PT1H11M46.522004S
tr_cobre_23,Fernando,López Torres,34,HOMBRE,PT1H25M42.908435S
tr_cobre_23,Álvaro,Gil Alonso,26,HOMBRE,PT1H33M44.449059S
tr_cobre_23,Carlos,Gutiérrez Domínguez,19,HOMBRE,PT1H33M54.237297S
tr_cobre_23,Pilar,Martín Ramírez,52,MUJER,PT1H24M59.342738S
tr_cobre_23,Carlos,Gómez Domínguez,35,HOMBRE,PT1H11M27.86938S
tr_cobre_23,Manuel,Fernández Gutiérrez,24,HOMBRE,PT1H25M18.119723S
tr_cobre_23,Laura,Alonso Jiménez,34,MUJER,PT1H36M44.702699S
tr_cobre_23,Fernando,Álvarez López,23,HOMBRE,PT1H12M2.851297S
tr_cobre_23,Martina,Alonso Moreno,58,MUJER,PT1H29M52.731809S
tr_cobre_23,Miguel,Domínguez Ramos,47,HOMBRE,PT1H25M44.957097S
tr_cobre_23,Luis,Álvarez Álvarez,28,HOMBRE,PT1H11M28.570444S
tr_cobre_23,Pedro,Romero Romero,31,HOMBRE,PT1H16M1.8024S
tr_cobre_23,Francisco,García González,41,HOMBRE,PT1H12M4.740667S
tr_cobre_23,Raúl,Hernández Sánchez,25,HOMBRE,PT1H23M57.890434S
tr_cobre_23,Fernando,Navarro Gómez,46,HOMBRE,PT1H26M19.315815S
tr_cobre_23,Pilar,Pérez Vázquez,49,MUJER,PT1H12M58.184192S
tr_cobre_23,Luis,Blanco Pérez,51,HOMBRE,PT1H32M25.625455S
tr_cobre_23,Luis,Jiménez Ruiz,47,HOMBRE,PT1H32M32.531386S
tr_cazalla_24,Pedro,Moreno Torres,51,HOMBRE,PT1H8M34.059082S
tr_cazalla_24,Elena,Ramos Ramos,52,MUJER,PT1H3M26.014106S
tr_cazalla_24,Carmen,Sánchez Torres,55,MUJER,PT1H2M38.068741S
tr_cazalla_24,Paula,Gil Serrano,31,MUJER,PT1H18M3.176905S
tr_cazalla_24,Álvaro,Blanco Díaz,54,HOMBRE,PT1H24M39.562341S
tr_cazalla_24,Francisco,Gutiérrez Romero,26,HOMBRE,PT1H6M58.893406S
tr_cazalla_24,Laura,Navarro Díaz,35,MUJER,PT1H26M11.31209S
tr_cazalla_24,Ana,Gil Ramos,57,MUJER,PT1H19M29.430757S
tr_cazalla_24,Enrique,García Ramírez,29,HOMBRE,PT1H16M33.260304S
tr_cazalla_24,David,González Díaz,34,HOMBRE,PT1H15M32.82603S
tr_cazalla_24,Sofía,Álvarez González,57,MUJER,PT1H3M13.815115S
tr_cazalla_24,Enrique,Martínez Moreno,50,HOMBRE,PT1H24M10.355626S
tr_cazalla_24,Martina,Hernández Ruiz,51,MUJER,PT1H11M17.175247S
tr_cazalla_24,Marta,Gutiérrez Serrano,36,MUJER,PT1H24M24.069267S
tr_cazalla_24,Enrique,Martínez Rodríguez,18,HOMBRE,PT1H6M9.200969S
tr_cazalla_24,Fernando,Navarro Alonso,54,HOMBRE,PT1H5M55.457133S
tr_cazalla_24,Antonio,Hernández Alonso,33,HOMBRE,PT1H21M16.662438S
tr_cazalla_24,Teresa,Moreno Sánchez,21,MUJER,PT1H13M24.512748S
tr_cazalla_24,Marta,García Muñoz,39,MUJER,PT1H6M59.6674S
tr_cazalla_24,Lucía,Gil Díaz,47,MUJER,PT1H22M9.474905S
tr_cazalla_24,Carmen,Martín Fernández,27,MUJER,PT1H28M20.661019S
tr_cazalla_24,Álvaro,Muñoz Pérez,29,HOMBRE,PT1H15M18.492537S
tr_cazalla_24,Alejandro,Torres Alonso,18,HOMBRE,PT1H17M55.357145S
tr_cazalla_24,Nuria,Gómez Hernández,56,MUJER,PT1H12M3.901812S
tr_cazalla_24,Raúl,González Ruiz,22,HOMBRE,PT1H15M44.017755S
tr_cazalla_24,Alejandro,Pérez García,23,HOMBRE,PT1H11M34.713066S
tr_cazalla_24,Antonio,Gil Gutiérrez,51,HOMBRE,PT1H4M13.487319S
tr_cazalla_24,Nuria,Gil Gutiérrez,25,MUJER,PT1H24M0.306263S
tr_cazalla_24,Francisco,Vázquez Blanco,41,HOMBRE,PT1H18M19.408228S
tr_cazalla_24,Francisco,Torres Romero,48,HOMBRE,PT1H28M11.964666S
tr_cazalla_24,Carlos,Gómez Domínguez,35,HOMBRE,PT1H4M46.582442S
tr_cazalla_24,Sofía,Torres Fernández,22,MUJER,PT1H4M22.298285S
tr_cazalla_24,Francisco,González Pérez,49,HOMBRE,PT1H7M23.412118S
tr_cazalla_24,Enrique,Romero Ramos,49,HOMBRE,PT1H25M54.572476S
tr_cazalla_24,Fernando,Blanco García,35,HOMBRE,PT1H14M3.184673S
tr_cazalla_24,Teresa,Moreno Ramírez,46,MUJER,PT1H22M26.145619S
tr_cazalla_24,Antonio,Martínez Alonso,25,HOMBRE,PT1H11M22.452396S
tr_cazalla_24,Alejandro,Álvarez García,52,HOMBRE,PT1H10M27.453218S
tr_cazalla_24,Antonio,Torres Romero,23,HOMBRE,PT1H22M14.098724S
tr_cazalla_24,Pilar,Álvarez Vázquez,40,MUJER,PT1H20M7.925178S
tr_cazalla_24,Sara,González Ramos,45,MUJER,PT1H20M13.524275S
tr_cazalla_24,Raúl,Díaz Sánchez,19,HOMBRE,PT1H9M15.502804S
tr_cazalla_24,Alejandro,Pérez Díaz,53,HOMBRE,PT1H21M45.270476S
tr_cazalla_24,Ana,Navarro Hernández,54,MUJER,PT1H18M11.401867S
tr_cazalla_24,Luis,García Martín,30,HOMBRE,PT1H26M17.505136S
tr_cazalla_24,Álvaro,Álvarez Molina,48,HOMBRE,PT1H4M52.510206S
tr_cazalla_24,Javier,Moreno Martínez,21,HOMBRE,PT1H13M42.969342S
tr_cazalla_24,Laura,Navarro Ruiz,31,MUJER,PT1H10M49.140414S
tr_cazalla_24,Álvaro,Martínez Ramírez,33,HOMBRE,PT1H20M38.378178S
tr_cazalla_24,David,Sánchez Ramírez,24,HOMBRE,PT1H19M9.553526S
tr_cazalla_24,Enrique,Díaz Gutiérrez,55,HOMBRE,PT1H9M26.929208S
tr_cazalla_24,Álvaro,Martínez Blanco,55,HOMBRE,PT1H16M47.6483S
tr_cazalla_24,Juan,Ramírez Molina,18,HOMBRE,PT1H20M1.67702S
tr_cazalla_24,Álvaro,Navarro Ramírez,28,HOMBRE,PT1H4M25.593221S
tr_cazalla_24,Antonio,Hernández Martínez,49,HOMBRE,PT1H9M52.871155S
tr_cazalla_24,Lucía,Alonso Muñoz,25,MUJER,PT1H7M28.002345S
tr_cazalla_24,Carlos,Fernández Jiménez,43,HOMBRE,PT1H5M16.785868S
tr_cazalla_24,Ana,Gómez Rodríguez,50,MUJER,PT1H13M8.220185S
tr_cazalla_24,Raúl,Álvarez Moreno,47,HOMBRE,PT1H12M31.326861S
cr_lmcp_23,Pedro,Navarro García,39,HOMBRE,PT38M56.990793S
cr_lmcp_23,Pedro,Álvarez Álvarez,46,HOMBRE,PT47M40.076968S
cr_lmcp_23,Pedro,Romero Romero,31,HOMBRE,PT40M9.217248S
cr_lmcp_23,Javier,Díaz Domínguez,43,HOMBRE,PT40M44.486846S
cr_lmcp_23,Javier,Vázquez Vázquez,26,HOMBRE,PT50M42.401469S
cr_lmcp_23,Sara,Hernández Martínez,28,MUJER,PT50M47.681685S
cr_lmcp_23,Antonio,Gil Gutiérrez,51,HOMBRE,PT37M1.081562S
cr_lmcp_23,Fernando,Vázquez Ramos,19,HOMBRE,PT36M46.200181S
cr_lmcp_23,Marta,González Sánchez,32,MUJER,PT41M18.030613S
cr_lmcp_23,Marta,García Muñoz,51,MUJER,PT48M36.068337S
cr_lmcp_23,Manuel,Ramos Torres,32,HOMBRE,PT40M34.861567S
cr_lmcp_23,Raúl,Domínguez Rodríguez,31,HOMBRE,PT42M11.833737S
cr_lmcp_23,David,Ramírez Fernández,18,HOMBRE,PT40M20.035328S
cr_lmcp_23,Manuel,Blanco Hernández,18,HOMBRE,PT49M32.99644S
cr_lmcp_23,Pilar,Gil Álvarez,44,MUJER,PT37M51.800451S
cr_lmcp_23,Alejandro,Torres Martínez,31,HOMBRE,PT42M6.832724S
cr_lmcp_23,Martina,Martínez Moreno,19,MUJER,PT39M31.359603S
cr_lmcp_23,Ana,Ramos Martínez,19,MUJER,PT44M5.760519S
cr_lmcp_23,Francisco,Álvarez Alonso,38,HOMBRE,PT48M17.970486S
cr_lmcp_23,Enrique,Ramírez Hernández,52,HOMBRE,PT43M45.633087S
cr_lmcp_23,Teresa,Gutiérrez García,23,MUJER,PT44M50.142453S
cr_lmcp_23,Miguel,Jiménez Moreno,39,HOMBRE,PT47M49.834813S
cr_lmcp_23,Juan,Muñoz Vázquez,28,HOMBRE,PT45M14.226109S
cr_lmcp_23,Manuel,Moreno López,40,HOMBRE,PT43M56.721846S
cr_lmcp_23,Lucía,Ramírez Blanco,34,MUJER,PT48M4.39732S
cr_lmcp_23,Miguel,Torres Romero,22,HOMBRE,PT39M36.751269S
cr_lmcp_23,Pedro,López Moreno,22,HOMBRE,PT43M24.916532S
cr_lmcp_23,Antonio,Álvarez Molina,55,HOMBRE,PT41M26.144521S
cr_lmcp_23,Juan,Pérez Torres,57,HOMBRE,PT47M38.689152S
cr_lmcp_23,Martina,Moreno Torres,56,MUJER,PT46M47.416929S
cr_lmcp_23,Antonio,Domínguez Gómez,55,HOMBRE,PT36M21.618958S
cr_lmcp_23,Antonio,González Alonso,40,HOMBRE,PT40M5.247452S
cr_lmcp_23,Marta,García Muñoz,39,MUJER,PT38M46.741165S
cr_lmcp_23,Manuel,Domínguez Domínguez,19,HOMBRE,PT41M20.100539S
cr_lmcp_23,Enrique,Domínguez Sánchez,25,HOMBRE,PT37M18.178981S
cr_lmcp_23,Pedro,Ramírez Ramos,47,HOMBRE,PT40M12.934669S
cr_lmcp_23,Pedro,Martínez Sánchez,39,HOMBRE,PT45M6.725721S
cr_lmcp_23,Enrique,Molina Serrano,42,HOMBRE,PT50M48.772793S
cr_lmcp_23,Teresa,Gil Gómez,39,MUJER,PT41M47.601349S
cr_lmcp_23,Elena,Serrano Navarro,48,MUJER,PT50M45.080692S
cr_lmcp_23,Carmen,Romero Sánchez,38,MUJER,PT35M50.439166S
cr_lmcp_23,Raúl,Torres Hernández,18,HOMBRE,PT50M32.358494S
cr_lmcp_23,Manuel,Álvarez Ramírez,52,HOMBRE,PT37M48.79516S
cr_lmcp_23,Álvaro,Sánchez Serrano,42,HOMBRE,PT36M19.176378S
cr_lmcp_23,Fernando,Martínez Ramírez,46,HOMBRE,PT39M28.166265S
cr_lmcp_23,Francisco,Torres Ramos,57,HOMBRE,PT39M6.469272S
cr_lmcp_23,Enrique,Blanco Alonso,40,HOMBRE,PT41M3.575001S
cr_lmcp_23,Antonio,Ruiz Ramos,50,HOMBRE,PT46M0.839111S
cr_lmcp_23,Laura,Gómez Moreno,50,MUJER,PT38M28.910439S
cr_lmcp_23,Álvaro,Domínguez Hernández,47,HOMBRE,PT44M57.877885S
cr_lmcp_23,María,Fernández Ruiz,33,MUJER,PT41M28.530538S
cr_lmcp_23,David,Jiménez Fernández,39,HOMBRE,PT38M18.587108S
cr_lmcp_23,Pilar,Pérez Vázquez,49,MUJER,PT38M34.61578S
cr_lmcp_23,Paula,Hernández Domínguez,25,MUJER,PT49M22.567587S
cr_lmcp_23,Fernando,Ruiz Gómez,49,HOMBRE,PT36M51.830494S
cr_lmcp_23,Francisco,González Gil,51,HOMBRE,PT48M40.743221S
cr_lmcp_23,Javier,Gil Sánchez,58,HOMBRE,PT40M13.7947S
cr_lmcp_23,Álvaro,Gil Alonso,26,HOMBRE,PT48M26.153511S
cr_lmcp_23,Sofía,Torres Fernández,22,MUJER,PT37M18.127898S
cr_lmcp_23,Elena,Ramos Ramos,52,MUJER,PT37M13.163706S
cr_lmcp_23,Pedro,Gómez Alonso,56,HOMBRE,PT37M0.620825S
cr_lmcp_23,Alicia,Gómez Ramírez,43,MUJER,PT41M40.700567S
cr_lmcp_23,Javier,Romero Pérez,20,HOMBRE,PT41M22.320087S
cr_lmcp_23,Juan,López Ruiz,19,HOMBRE,PT40M53.880123S
cr_lmcp_23,Raúl,Torres Pérez,50,HOMBRE,PT36M35.876241S
cr_lmcp_23,Alejandro,Gómez Navarro,57,HOMBRE,PT50M34.30519S
cr_lmcp_23,Pilar,Muñoz Vázquez,52,MUJER,PT40M14.809506S
cr_lmcp_23,Javier,López González,19,HOMBRE,PT50M40.048503S
cr_lmcp_23,Juan,Gómez Rodríguez,35,HOMBRE,PT38M22.100042S
cr_lmcp_23,Alejandro,López Fernández,20,HOMBRE,PT36M12.542357S
cr_lmcp_23,Enrique,Ramos Blanco,23,HOMBRE,PT37M56.545228S
cr_lmcp_23,Elena,Molina Ramos,45,MUJER,PT45M54.272342S
cr_lmcp_23,Luis,Pérez Gómez,19,HOMBRE,PT47M15.885205S
cr_lmcp_23,Nuria,Gil Gutiérrez,25,MUJER,PT48M33.176952S
cr_lmcp_23,Miguel,Jiménez Martín,18,HOMBRE,PT38M20.587986S
cr_lmcp_23,Carlos,Álvarez Pérez,28,HOMBRE,PT45M27.537071S
cr_lmcp_23,Manuel,Gil Moreno,50,HOMBRE,PT35M37.138152S
cr_lmcp_23,David,Muñoz Álvarez,57,HOMBRE,PT36M2.609297S
cr_lmcp_23,Carlos,Gutiérrez Domínguez,19,HOMBRE,PT48M42.963394S
cr_lmcp_23,Manuel,Domínguez Fernández,51,HOMBRE,PT37M19.658059S
cr_lmcp_23,Sara,Navarro Díaz,53,MUJER,PT43M28.015872S
cr_lmcp_23,Alicia,Moreno López,38,MUJER,PT44M50.203102S
cr_lmcp_23,Fernando,Hernández Alonso,46,HOMBRE,PT46M22.888835S
cr_lmcp_23,Luis,García Martín,30,HOMBRE,PT49M53.891856S
cr_lmcp_23,Antonio,Hernández Martínez,49,HOMBRE,PT40M40.57S
cr_lmcp_23,Luis,Blanco Pérez,51,HOMBRE,PT48M8.045237S
cr_lmcp_23,Antonio,Martín Martínez,42,HOMBRE,PT46M28.88393S
cr_lmcp_23,Álvaro,Moreno Ruiz,29,HOMBRE,PT44M32.640183S
cr_lmcp_23,Francisco,Gutiérrez Romero,26,HOMBRE,PT38M52.138412S
cr_lmcp_23,Javier,Moreno Martínez,21,HOMBRE,PT42M17.137842S
cr_lmcp_23,Luis,Jiménez Serrano,42,HOMBRE,PT49M30.929969S
cr_lmcp_23,Lucía,Domínguez Gutiérrez,41,MUJER,PT37M53.745838S
cr_lmcp_23,Francisco,Rodríguez Sánchez,18,HOMBRE,PT43M55.651019S
cr_lmcp_23,Martina,Vázquez Álvarez,28,MUJER,PT41M44.29992S
cr_lmcp_23,Pedro,Díaz Molina,23,HOMBRE,PT37M30.211261S
cr_lmcp_23,Álvaro,García Blanco,57,HOMBRE,PT48M29.629691S
cr_lmcp_23,Álvaro,García Ramos,27,HOMBRE,PT46M54.235024S
cr_lmcp_23,Teresa,Alonso Hernández,24,MUJER,PT45M30.367886S
cr_lmcp_23,Manuel,Hernández Muñoz,53,HOMBRE,PT42M31.375673S
imd_sev_sanpab_24,María,Ruiz Alonso,44,MUJER,PT55M35.440512S
imd_sev_sanpab_24,Pilar,Blanco Domínguez,28,MUJER,PT57M9.860486S
imd_sev_sanpab_24,Álvaro,Torres Jiménez,24,HOMBRE,PT49M14.529216S
imd_sev_sanpab_24,Sofía,Álvarez González,57,MUJER,PT47M5.863048S
imd_sev_sanpab_24,Marta,Gutiérrez Serrano,36,MUJER,PT1H2M42.421679S
imd_sev_sanpab_24,Luis,Fernández Moreno,34,HOMBRE,PT45M51.208852S
imd_sev_sanpab_24,Álvaro,García Ramos,27,HOMBRE,PT59M23.73721S
imd_sev_sanpab_24,Miguel,Moreno Muñoz,41,HOMBRE,PT46M34.221418S
imd_sev_sanpab_24,Pedro,Gómez Alonso,56,HOMBRE,PT47M10.847211S
imd_sev_sanpab_24,Enrique,Ramírez Hernández,52,HOMBRE,PT56M43.221907S
imd_sev_sanpab_24,Luis,Díaz Vázquez,42,HOMBRE,PT46M56.42714S
imd_sev_sanpab_24,Pedro,Domínguez Ruiz,22,HOMBRE,PT58M53.781608S
imd_sev_sanpab_24,David,Ramírez Fernández,18,HOMBRE,PT51M11.968369S
imd_sev_sanpab_24,Fernando,Blanco Álvarez,50,HOMBRE,PT52M29.91124S
imd_sev_sanpab_24,Francisco,Ruiz Gutiérrez,55,HOMBRE,PT54M47.078531S
imd_sev_sanpab_24,Sofía,Torres Fernández,22,MUJER,PT47M38.3691S
imd_sev_sanpab_24,Miguel,Blanco Díaz,36,HOMBRE,PT49M15.10208S
imd_sev_sanpab_24,Javier,Moreno Álvarez,21,HOMBRE,PT1H28.2588S
imd_sev_sanpab_24,Álvaro,Navarro Ramírez,28,HOMBRE,PT47M53.84683S
imd_sev_sanpab_24,Juan,Pérez Alonso,41,HOMBRE,PT51M56.411229S
imd_sev_sanpab_24,Laura,Gutiérrez Domínguez,42,MUJER,PT46M35.879125S
imd_sev_sanpab_24,David,Moreno Muñoz,56,HOMBRE,PT1H3M17.466062S
imd_sev_sanpab_24,Alicia,Gutiérrez Muñoz,42,MUJER,PT1H32.524231S
imd_sev_sanpab_24,Luis,Moreno Ramírez,40,HOMBRE,PT48M0.827494S
imd_sev_sanpab_24,Pedro,Jiménez Moreno,19,HOMBRE,PT1H2M18.10311S
imd_sev_sanpab_24,Carlos,Ruiz González,45,HOMBRE,PT52M51.68103S
imd_sev_sanpab_24,Marta,García Muñoz,39,MUJER,PT49M7.975852S
imd_sev_sanpab_24,Laura,Navarro Díaz,35,MUJER,PT1H3M55.416363S
imd_sev_sanpab_24,Ana,Navarro Hernández,54,MUJER,PT58M15.334716S
imd_sev_sanpab_24,Carlos,Martínez Martín,37,HOMBRE,PT56M30.010999S
imd_sev_sanpab_24,Laura,Sánchez Jiménez,28,MUJER,PT1H4M42.866613S
imd_sev_sanpab_24,Antonio,Ruiz Ramos,50,HOMBRE,PT58M44.203989S
imd_sev_sanpab_24,Marta,García Muñoz,51,MUJER,PT1H1M41.856842S
imd_sev_sanpab_24,Álvaro,García Muñoz,27,HOMBRE,PT47M28.609458S
imd_sev_sanpab_24,David,González Díaz,34,HOMBRE,PT56M9.056319S
imd_sev_sanpab_24,Francisco,Fernández López,27,HOMBRE,PT57M48.560751S
imd_sev_sanpab_24,Enrique,Jiménez García,50,HOMBRE,PT50M22.490439S
imd_sev_sanpab_24,Carlos,Gutiérrez Domínguez,19,HOMBRE,PT1H2M32.824865S
imd_sev_sanpab_24,Alicia,Gómez Ramírez,43,MUJER,PT53M45.744316S
imd_sev_sanpab_24,Fernando,Martínez Ramírez,46,HOMBRE,PT49M57.854185S
imd_sev_sanpab_24,Francisco,Moreno Martínez,19,HOMBRE,PT54M0.294409S
imd_sev_sanpab_24,Alejandro,López Torres,38,HOMBRE,PT48M56.977639S
imd_sev_sanpab_24,Álvaro,Gil Alonso,26,HOMBRE,PT1H1M57.299373S
imd_sev_sanpab_24,Elena,Serrano Jiménez,56,MUJER,PT46M59.563563S
imd_sev_sanpab_24,Ana,Gómez Rodríguez,50,MUJER,PT53M39.79273S
imd_sev_sanpab_24,Juan,Navarro Ruiz,46,HOMBRE,PT1H1M52.850593S
imd_sev_sanpab_24,Antonio,Martín Hernández,33,HOMBRE,PT58M28.793342S
imd_sev_sanpab_24,Pedro,Ramírez Vázquez,56,HOMBRE,PT1H3M32.001918S
imd_sev_sanpab_24,Pedro,Blanco González,28,HOMBRE,PT1H2M19.34987S
imd_sev_sanpab_24,Marta,González González,20,MUJER,PT59M48.762917S
imd_sev_sanpab_24,Antonio,Vázquez Hernández,42,HOMBRE,PT53M26.378225S
imd_sev_sanpab_24,María,González Navarro,27,MUJER,PT53M5.586616S
imd_sev_sanpab_24,David,Jiménez Ramírez,36,HOMBRE,PT1H4M42.823672S
imd_sev_sanpab_24,Pilar,Vázquez García,53,MUJER,PT56M42.823214S
imd_sev_sanpab_24,María,Navarro Rodríguez,38,MUJER,PT46M44.744916S
imd_sev_sanpab_24,Antonio,Domínguez Gómez,55,HOMBRE,PT46M44.819177S
imd_sev_sanpab_24,Teresa,Torres Álvarez,22,MUJER,PT52M32.76178S
imd_sev_sanpab_24,Martina,Vázquez Álvarez,28,MUJER,PT53M10.256308S
imd_sev_sanpab_24,Antonio,Martín Martínez,42,HOMBRE,PT59M24.466577S
imd_sev_sanpab_24,Francisco,Vázquez Díaz,39,HOMBRE,PT1H5M40.364024S
imd_sev_sanpab_24,Martina,Serrano Romero,25,MUJER,PT52M12.159184S
imd_sev_sanpab_24,Nuria,Martínez Molina,32,MUJER,PT1H2M50.429747S
imd_sev_sanpab_24,Martina,García Serrano,33,MUJER,PT48M41.587985S
imd_sev_sanpab_24,Javier,Vázquez Vázquez,26,HOMBRE,PT1H4M27.642909S
imd_sev_sanpab_24,Francisco,Martín Serrano,41,HOMBRE,PT56M39.70328S
imd_sev_sanpab_24,David,López Fernández,52,HOMBRE,PT52M17.26676S
imd_sev_sanpab_24,Manuel,Pérez Ramírez,33,HOMBRE,PT56M13.91012S
imd_sev_sanpab_24,Elena,González Ramos,49,MUJER,PT54M56.553783S
imd_sev_marlui_24,Pedro,Gómez Alonso,56,HOMBRE,PT46M50.847211S
imd_sev_marlui_24,Francisco,Domínguez Martín,46,HOMBRE,PT47M31.090978S
imd_sev_marlui_24,Luis,Moreno Ramírez,40,HOMBRE,PT48M7.827494S
imd_sev_marlui_24,Carmen,Martín Fernández,27,MUJER,PT1H5M25.748903S
imd_sev_marlui_24,Pedro,Vázquez Navarro,52,HOMBRE,PT47M31.282684S
imd_sev_marlui_24,Fernando,Martínez Ramírez,49,HOMBRE,PT52M25.677713S
imd_sev_marlui_24,Manuel,Domínguez Fernández,51,HOMBRE,PT47M33.125717S
imd_sev_marlui_24,Raúl,Alonso García,54,HOMBRE,PT52M14.53137S
imd_sev_marlui_24,Manuel,Hernández Muñoz,53,HOMBRE,PT54M29.686761S
imd_sev_marlui_24,Laura,Gómez Moreno,50,MUJER,PT49M5.756973S
imd_sev_marlui_24,Enrique,Díaz Ruiz,27,HOMBRE,PT58M7.416579S
imd_sev_marlui_24,Juan,Fernández Martín,56,HOMBRE,PT45M31.886872S
imd_sev_marlui_24,Francisco,Vázquez Díaz,39,HOMBRE,PT1H5M26.364024S
imd_sev_marlui_24,Fernando,Fernández García,57,HOMBRE,PT1H4M24.439939S
imd_sev_marlui_24,Miguel,Gutiérrez Moreno,35,HOMBRE,PT46M37.224132S
imd_sev_marlui_24,David,Serrano Serrano,34,HOMBRE,PT54M56.530132S
imd_sev_marlui_24,Teresa,Ruiz Navarro,35,MUJER,PT58M26.891182S
imd_sev_marlui_24,David,López Fernández,52,HOMBRE,PT51M51.26676S
imd_sev_marlui_24,Pedro,García Romero,49,HOMBRE,PT55M12.564199S
imd_sev_marlui_24,David,Vázquez Gil,40,HOMBRE,PT59M59.170616S
imd_sev_marlui_24,Antonio,Vázquez Hernández,42,HOMBRE,PT53M27.378225S
imd_sev_marlui_24,Manuel,Domínguez Domínguez,19,HOMBRE,PT53M17.949408S
imd_sev_marlui_24,Laura,Navarro Díaz,35,MUJER,PT1H3M40.416363S
imd_sev_marlui_24,Francisco,García Díaz,39,HOMBRE,PT54M40.430978S
imd_sev_marlui_24,Carmen,Romero Sánchez,38,MUJER,PT46M34.716879S
imd_sev_marlui_24,Pedro,Ruiz Navarro,31,HOMBRE,PT47M59.085928S
imd_sev_marlui_24,David,Moreno Muñoz,56,HOMBRE,PT1H3M49.466062S
imd_sev_marlui_24,Ana,Torres García,28,MUJER,PT56M51.398642S
imd_sev_marlui_24,Enrique,Torres López,53,HOMBRE,PT1H2M17.509617S
imd_sev_marlui_24,Francisco,Rodríguez Sánchez,18,HOMBRE,PT55M30.398743S
imd_sev_marlui_24,Antonio,Hernández Alonso,33,HOMBRE,PT1H13.712917S
imd_sev_marlui_24,Lucía,Alonso Muñoz,25,MUJER,PT50M26.742478S
imd_sev_marlui_24,María,Blanco Domínguez,46,MUJER,PT52M5.865251S
imd_sev_marlui_24,Enrique,Gil Gutiérrez,39,HOMBRE,PT54M46.448948S
imd_sev_marlui_24,Marta,Ramos Gil,33,MUJER,PT1H2M11.479682S
imd_sev_marlui_24,Ana,Sánchez Navarro,35,MUJER,PT48M35.999726S
imd_sev_marlui_24,Carmen,Pérez Ramírez,32,MUJER,PT50M30.855496S
imd_sev_marlui_24,Laura,Navarro Ruiz,31,MUJER,PT52M9.178084S
imd_sev_marlui_24,Juan,Serrano Muñoz,24,HOMBRE,PT52M50.602188S
imd_sev_marlui_24,Miguel,Moreno Muñoz,41,HOMBRE,PT46M50.221418S
imd_sev_marlui_24,Paula,Martínez Martínez,34,MUJER,PT49M9.948935S
imd_sev_marlui_24,Alicia,Gutiérrez Muñoz,42,MUJER,PT1H54.524231S
imd_sev_marlui_24,Teresa,Domínguez López,18,MUJER,PT58M19.124322S
imd_sev_marlui_24,Lucía,Domínguez Gutiérrez,41,MUJER,PT48M42.520305S
imd_sev_marlui_24,Manuel,Muñoz Serrano,20,HOMBRE,PT46M27.829582S
imd_sev_marlui_24,Álvaro,García Ramos,27,HOMBRE,PT59M13.73721S
imd_sev_marlui_24,Carlos,Álvarez Gutiérrez,51,HOMBRE,PT1H42.049081S
imd_sev_marlui_24,Álvaro,Gil Alonso,26,HOMBRE,PT1H2M52.299373S
imd_sev_marlui_24,Teresa,Fernández Fernández,54,MUJER,PT49M39.056606S
imd_sev_marlui_24,Pilar,Gil Álvarez,44,MUJER,PT47M36.180066S
imd_sev_marlui_24,Sara,Alonso Gutiérrez,24,MUJER,PT1H26.008226S
imd_sev_marlui_24,Juan,González Martín,56,HOMBRE,PT49M43.406941S
imd_sev_marlui_24,Álvaro,Martínez Blanco,55,HOMBRE,PT56M50.591333S
imd_sev_marlui_24,Javier,López González,19,HOMBRE,PT1H5M10.72885S
imd_sev_marlui_24,Teresa,Moreno Ramírez,46,MUJER,PT1H1M55.144903S
imd_sev_marlui_24,Álvaro,Muñoz Hernández,51,HOMBRE,PT55M20.50587S
imd_sev_marlui_24,Elena,Ramírez Vázquez,31,MUJER,PT1H2M27.99312S
imd_sev_marlui_24,Sara,Gómez Molina,18,MUJER,PT54M14.926473S
imd_sev_marlui_24,Miguel,Hernández González,18,HOMBRE,PT1H4M12.863093S
imd_sev_marlui_24,Raúl,Fernández Domínguez,36,HOMBRE,PT52M42.800283S
imd_sev_marlui_24,Javier,Gil Sánchez,58,HOMBRE,PT50M48.941924S
imd_sev_marlui_24,Martina,Serrano Romero,25,MUJER,PT51M34.159184S
imd_sev_marlui_24,Antonio,Domínguez Blanco,28,HOMBRE,PT55M47.745165S
imd_sev_marlui_24,Alejandro,Romero Torres,56,HOMBRE,PT49M4.122049S
imd_sev_marlui_24,Elena,Blanco Vázquez,46,MUJER,PT1H3M29.405249S
imd_sev_marlui_24,María,Gómez Molina,18,MUJER,PT52M14.670963S
imd_sev_marlui_24,Carlos,Serrano Torres,36,HOMBRE,PT1H4M31.228778S
imd_sev_marlui_24,David,Jiménez Ramírez,36,HOMBRE,PT1H4M14.823672S
imd_sev_marlui_24,Elena,Serrano Molina,34,MUJER,PT1H5M9.089171S
imd_sev_marlui_24,Pedro,López Moreno,22,HOMBRE,PT55M38.354529S
imd_sev_marlui_24,Laura,Fernández Fernández,49,MUJER,PT52M22.123043S
imd_sev_marlui_24,Ana,Blanco Vázquez,21,MUJER,PT1H3M8.69859S
imd_sev_marlui_24,Alicia,Molina Ruiz,56,MUJER,PT57M50.39842S
imd_sev_marlui_24,Nuria,Gómez Hernández,56,MUJER,PT53M57.297638S
imd_sev_marlui_24,Luis,Jiménez Ruiz,47,HOMBRE,PT1H1M36.020924S
imd_sev_marlui_24,Elena,Molina Alonso,57,MUJER,PT45M53.621816S
imd_sev_marlui_24,Antonio,Domínguez Gómez,55,HOMBRE,PT46M33.819177S
imd_sev_marlui_24,Elena,González Ramos,49,MUJER,PT54M58.553783S
imd_sev_marlui_24,Álvaro,Fernández Navarro,50,HOMBRE,PT59M59.508806S
imd_sev_marlui_24,Paula,González González,37,MUJER,PT49M13.763747S
imd_sev_marlui_24,María,Jiménez Gutiérrez,18,MUJER,PT52M44.324951S
imd_sev_marlui_24,Fernando,Romero Muñoz,23,HOMBRE,PT51M1.398268S
imd_sev_marlui_24,Carmen,Alonso López,23,MUJER,PT54M47.40603S
imd_sev_marlui_24,Álvaro,Jiménez González,33,HOMBRE,PT52M45.702126S
imd_sev_marlui_24,Paula,Ruiz Fernández,41,MUJER,PT1H2M31.331569S
imd_sev_marlui_24,David,Muñoz Álvarez,57,HOMBRE,PT46M3.422176S
imd_sev_marlui_24,Alejandro,Molina Sánchez,30,HOMBRE,PT47M30.668806S
imd_sev_marlui_24,Elena,Molina Ramos,45,MUJER,PT58M55.631208S
imd_sev_marlui_24,Teresa,Martínez Gutiérrez,55,MUJER,PT45M43.880826S
imd_sev_marlui_24,Álvaro,Moreno Ruiz,29,HOMBRE,PT57M33.410491S
imd_sev_marlui_24,Lucía,Álvarez González,40,MUJER,PT55M6.730227S
imd_sev_tam_24,Juan,González Martín,56,HOMBRE,PT49M45.406941S
imd_sev_tam_24,Pilar,Gil Álvarez,44,MUJER,PT48M12.180066S
imd_sev_tam_24,Marta,García Muñoz,51,MUJER,PT1H1M20.856842S
imd_sev_tam_24,Martina,Vázquez Torres,53,MUJER,PT55M49.154225S
imd_sev_tam_24,Enrique,Pérez Fernández,42,HOMBRE,PT58M43.669241S
imd_sev_tam_24,Paula,Gil Serrano,31,MUJER,PT57M58.649559S
imd_sev_tam_24,Pilar,Fernández Martín,46,MUJER,PT55M20.077264S
imd_sev_tam_24,Elena,Serrano Navarro,48,MUJER,PT1H4M20.282938S
imd_sev_tam_24,Fernando,Hernández Alonso,46,HOMBRE,PT58M56.498507S
imd_sev_tam_24,Paula,Martínez Martínez,34,MUJER,PT49M32.948935S
imd_sev_tam_24,Elena,Molina Alonso,57,MUJER,PT46M32.621816S
imd_sev_tam_24,Elena,Gil López,29,MUJER,PT1H3M34.31304S
imd_sev_tam_24,Enrique,Blanco Alonso,40,HOMBRE,PT52M22.429488S
imd_sev_tam_24,Fernando,Serrano Romero,21,HOMBRE,PT52M5.653945S
imd_sev_tam_24,Paula,Hernández Domínguez,25,MUJER,PT1H3M36.522548S
imd_sev_tam_24,Pedro,Martínez Sánchez,39,HOMBRE,PT57M10.366309S
imd_sev_tam_24,Marta,Pérez Gutiérrez,49,MUJER,PT54M32.960101S
imd_sev_tam_24,Alicia,Gómez Ramírez,43,MUJER,PT53M29.744316S
imd_sev_tam_24,Sara,García Fernández,57,MUJER,PT54M30.863692S
imd_sev_tam_24,Francisco,Torres Ramos,57,HOMBRE,PT50M39.781118S
imd_sev_tam_24,Paula,López Díaz,51,MUJER,PT1H1M18.164812S
imd_sev_tam_24,Francisco,Moreno Martínez,19,HOMBRE,PT53M51.294409S
imd_sev_tam_24,Nuria,Vázquez Gómez,53,MUJER,PT48M6.693525S
imd_sev_tam_24,Álvaro,Torres Jiménez,24,HOMBRE,PT48M43.529216S
imd_sev_tam_24,Carmen,Molina González,36,MUJER,PT52M32.740001S
imd_sev_tam_24,Alejandro,Rodríguez Blanco,46,HOMBRE,PT1H2M18.020632S
imd_sev_tam_24,Antonio,Gil Molina,20,HOMBRE,PT53M48.271583S
imd_sev_tam_24,Álvaro,Martín Martín,51,HOMBRE,PT58M32.777765S
imd_sev_tam_24,Javier,González Hernández,52,HOMBRE,PT57M44.127306S
imd_sev_tam_24,Antonio,Blanco Serrano,36,HOMBRE,PT50M12.296104S
imd_sev_tam_24,Francisco,Martínez Blanco,44,HOMBRE,PT1H5M8.441132S
imd_sev_tam_24,Pedro,Gil Romero,44,HOMBRE,PT47M18.3061S
imd_sev_tam_24,Miguel,Martín Serrano,29,HOMBRE,PT1H3M37.366496S
imd_sev_tam_24,Javier,López González,19,HOMBRE,PT1H5M2.72885S
imd_sev_tam_24,Alejandro,Pérez García,23,HOMBRE,PT53M45.639308S
imd_sev_tam_24,Álvaro,Domínguez Blanco,19,HOMBRE,PT49M28.004568S
imd_sev_tam_24,María,Ruiz Gutiérrez,28,MUJER,PT1H1M39.244197S
imd_sev_tam_24,Sara,Navarro Díaz,53,MUJER,PT56M7.404964S
imd_sev_tam_24,Fernando,Blanco García,35,HOMBRE,PT54M47.988646S
imd_sev_tam_24,Miguel,Blanco Díaz,36,HOMBRE,PT48M54.10208S
imd_sev_tam_24,María,Gutiérrez Vázquez,48,MUJER,PT1H2M33.91743S
imd_sev_tam_24,Fernando,Ramírez Alonso,32,HOMBRE,PT54M38.088378S
imd_sev_tam_24,Pedro,González Molina,30,HOMBRE,PT1H5M14.651844S
imd_sev_tam_24,Ana,Ramos Martínez,19,MUJER,PT56M4.975024S
imd_sev_tam_24,Pedro,Álvarez Álvarez,46,HOMBRE,PT1H42.457651S
imd_sev_tam_24,Pilar,Jiménez Gómez,47,MUJER,PT55M57.173095S
imd_sev_tam_24,Javier,Gil Sánchez,58,HOMBRE,PT51M8.941924S
imd_sev_tam_24,Laura,Sánchez Jiménez,28,MUJER,PT1H4M29.866613S
imd_sev_tam_24,David,Jiménez Ramírez,36,HOMBRE,PT1H4M49.823672S
imd_sev_tam_24,Enrique,Díaz Ruiz,27,HOMBRE,PT58M54.416579S
imd_sev_tam_24,Alicia,Moreno López,38,MUJER,PT56M58.645003S
imd_sev_tam_24,Álvaro,García Muñoz,27,HOMBRE,PT47M57.609458S
imd_sev_tam_24,Elena,González Ramos,49,MUJER,PT55M0.553783S
imd_sev_tam_24,Nuria,Gómez Hernández,56,MUJER,PT53M10.297638S
imd_sev_tam_24,Miguel,Díaz González,22,HOMBRE,PT59M19.866266S
imd_sev_tam_24,Nuria,Pérez Molina,25,MUJER,PT1H4M1.965215S
imd_sev_tam_24,Antonio,Martínez Alonso,25,HOMBRE,PT52M51.223997S
imd_sev_tam_24,Juan,Muñoz Vázquez,28,HOMBRE,PT57M59.46937S
imd_sev_tam_24,Luis,Fernández Moreno,57,HOMBRE,PT49M41.045514S
imd_sev_tam_24,Fernando,Fernández Gil,39,HOMBRE,PT53M51.647243S
imd_sev_tam_24,Martina,Alonso Moreno,58,MUJER,PT59M49.821206S
imd_sev_tam_24,Carlos,Díaz Blanco,53,HOMBRE,PT59M55.279249S
imd_sev_tam_24,Laura,Martín Álvarez,41,MUJER,PT56M29.187533S
imd_sev_tam_24,Martina,Martínez Moreno,19,MUJER,PT51M7.512312S
imd_sev_tam_24,Francisco,Fernández López,27,HOMBRE,PT57M23.560751S
imd_sev_tam_24,Luis,Álvarez Álvarez,28,HOMBRE,PT48M25.713629S
imd_sev_tam_24,Carlos,Ruiz González,45,HOMBRE,PT52M41.68103S
imd_sev_tam_24,Álvaro,Jiménez González,33,HOMBRE,PT52M38.702126S
imd_sev_tam_24,Carlos,Alonso Hernández,25,HOMBRE,PT51M11.816345S
imd_sev_tam_24,Sofía,Díaz Jiménez,35,MUJER,PT59M28.62827S
imd_sev_tam_24,Álvaro,Moreno Ruiz,29,HOMBRE,PT57M26.410491S
imd_sev_tam_24,Marta,Ramos Gil,33,MUJER,PT1H2M2.479682S
imd_sev_tam_24,Miguel,López Serrano,24,HOMBRE,PT48M11.156762S
imd_sev_tam_24,Manuel,Navarro Romero,30,HOMBRE,PT46M7.518707S
imd_sev_tam_24,Enrique,Ramos Blanco,23,HOMBRE,PT49M1.416959S
imd_sev_tam_24,Antonio,Álvarez Molina,55,HOMBRE,PT53M17.544258S
imd_sev_tam_24,Antonio,Ruiz Ramos,50,HOMBRE,PT59M5.203989S
imd_sev_tam_24,Pedro,Ramírez Ramos,47,HOMBRE,PT51M10.147011S
imd_sev_tam_24,Carlos,Serrano Torres,36,HOMBRE,PT1H4M34.228778S
imd_sev_tam_24,Manuel,Gil Molina,19,HOMBRE,PT1H3M20.902718S
imd_sev_tam_24,Álvaro,González Serrano,54,HOMBRE,PT55M3.466085S
imd_sev_tam_24,Juan,Serrano Muñoz,24,HOMBRE,PT52M46.602188S
imd_sev_tam_24,Raúl,Fernández Domínguez,36,HOMBRE,PT52M56.800283S
imd_sev_tam_24,Juan,Jiménez García,22,HOMBRE,PT53M57.515576S
imd_sev_tam_24,Francisco,Gutiérrez Díaz,24,HOMBRE,PT57M13.985286S
cr_esqui_24,Lucía,Gil Díaz,47,MUJER,PT1H4M10.591593S
cr_esqui_24,Fernando,Blanco Jiménez,53,HOMBRE,PT1H45.958437S
cr_esqui_24,Marta,Gutiérrez Serrano,36,MUJER,PT1H5M14.942763S
cr_esqui_24,Francisco,Navarro Pérez,24,HOMBRE,PT59M6.538784S
cr_esqui_24,Paula,Ramírez Martín,26,MUJER,PT57M24.435438S
cr_esqui_24,Fernando,Navarro Gómez,46,HOMBRE,PT1H30.621071S
cr_esqui_24,Elena,Molina Ramos,45,MUJER,PT1H2M14.712769S
cr_esqui_24,Pedro,López Serrano,27,HOMBRE,PT1H5M33.411619S
cr_esqui_24,Antonio,Martín Jiménez,56,HOMBRE,PT57M46.559183S
cr_esqui_24,Sofía,Rodríguez Moreno,47,MUJER,PT58M20.532343S
cr_esqui_24,Álvaro,Jiménez González,33,HOMBRE,PT55M42.487232S
cr_esqui_24,Ana,García Domínguez,58,MUJER,PT1H6M54.591219S
cr_esqui_24,Miguel,Muñoz Martín,22,HOMBRE,PT1H3M20.558971S
cr_esqui_24,Enrique,Torres López,53,HOMBRE,PT1H4M53.485098S
cr_esqui_24,Miguel,Ramírez Serrano,41,HOMBRE,PT55M33.032034S
cr_esqui_24,Teresa,Domínguez López,18,MUJER,PT1H59.730538S
cr_esqui_24,Javier,Moreno Martínez,21,HOMBRE,PT57M20.53171S
cr_esqui_24,Carlos,Álvarez Pérez,28,HOMBRE,PT1H36.299904S
cr_esqui_24,Antonio,Navarro Ramos,55,HOMBRE,PT56M53.933178S
cr_esqui_24,Antonio,Blanco Navarro,51,HOMBRE,PT56M17.258273S
cr_esqui_24,Javier,Fernández Gil,26,HOMBRE,PT58M52.564964S
cr_esqui_24,Juan,Gil Gómez,41,HOMBRE,PT51M5.854366S
cr_esqui_24,Álvaro,Navarro Ramírez,28,HOMBRE,PT49M58.239172S
cr_esqui_24,Alejandro,Ramírez Ruiz,55,HOMBRE,PT53M50.144837S
cr_esqui_24,Fernando,Alonso Jiménez,31,HOMBRE,PT56M26.404067S
cr_esqui_24,Ana,Díaz Rodríguez,26,MUJER,PT57M7.457671S
cr_esqui_24,Francisco,Moreno Martínez,19,HOMBRE,PT56M18.309129S
cr_esqui_24,Luis,Blanco Pérez,51,HOMBRE,PT1H4M40.637819S
cr_esqui_24,Raúl,Pérez Moreno,41,HOMBRE,PT1H3M34.021059S
cr_esqui_24,Javier,Gil Sánchez,58,HOMBRE,PT53M44.33902S
cr_esqui_24,Martina,Romero Hernández,24,MUJER,PT50M51.992166S
cr_esqui_24,Luis,Jiménez Ruiz,47,HOMBRE,PT1H4M58.17197S
cr_esqui_24,Pedro,Martínez Sánchez,39,HOMBRE,PT1H12.284624S
cr_esqui_24,Raúl,Torres Pérez,50,HOMBRE,PT49M5.218017S
cr_esqui_24,Raúl,Fernández Domínguez,36,HOMBRE,PT55M41.890298S
cr_esqui_24,David,Gutiérrez González,49,HOMBRE,PT50M10.10165S
cr_esqui_24,Javier,Moreno Álvarez,21,HOMBRE,PT1H3M31.22174S
cr_esqui_24,Carlos,Serrano Torres,36,HOMBRE,PT1H7M19.440217S
cr_esqui_24,Pedro,González Molina,30,HOMBRE,PT1H8M52.634437S
cr_esqui_24,Pilar,Blanco Domínguez,28,MUJER,PT1H9.80351S
cr_esqui_24,Pilar,Fernández Martín,46,MUJER,PT57M54.531127S
cr_esqui_24,Teresa,Moreno Ramírez,46,MUJER,PT1H4M42.002148S
cr_esqui_24,Luis,Ruiz Blanco,47,HOMBRE,PT51M17.990186S
cr_esqui_24,Enrique,González Rodríguez,36,HOMBRE,PT48M29.894841S
cr_esqui_24,Alicia,Moreno López,38,MUJER,PT1H32.427253S
cr_esqui_24,Laura,Gómez Moreno,50,MUJER,PT51M37.994821S
cr_esqui_24,Alejandro,Jiménez Jiménez,52,HOMBRE,PT50M22.689372S
cr_esqui_24,Antonio,Álvarez Molina,55,HOMBRE,PT56M26.27147S
cr_esqui_24,Manuel,Navarro Romero,30,HOMBRE,PT48M28.544642S
cr_esqui_24,Fernando,López Torres,34,HOMBRE,PT1H0.835905S
cr_esqui_24,Lucía,Ramírez Blanco,34,MUJER,PT1H4M36.227162S
cr_esqui_24,Antonio,Vázquez Domínguez,31,HOMBRE,PT1H5M24.106399S
cr_esqui_24,Carlos,Ramírez Vázquez,35,HOMBRE,PT49M33.843321S
cr_esqui_24,Carlos,Alonso Hernández,25,HOMBRE,PT54M33.007162S
cr_esqui_24,Fernando,Navarro Alonso,54,HOMBRE,PT51M30.355548S
cr_esqui_24,Juan,Fernández Martín,56,HOMBRE,PT48M20.431216S
cr_esqui_24,Francisco,García González,41,HOMBRE,PT50M57.218467S
cr_esqui_24,Laura,Alonso Jiménez,34,MUJER,PT1H8M26.591889S
cr_esqui_24,María,Ruiz Alonso,44,MUJER,PT58M3.312537S
cr_esqui_24,Javier,García Hernández,50,HOMBRE,PT52M0.603727S
cr_esqui_24,Raúl,Álvarez Hernández,53,HOMBRE,PT50M19.635821S
tr_rutagu_24,Sara,Gómez Molina,18,MUJER,PT2H29M31.5478S
tr_rutagu_24,Alejandro,Sánchez Hernández,43,HOMBRE,PT2H43M0.603671S
tr_rutagu_24,Lucía,Jiménez Navarro,19,MUJER,PT2H58M41.983724S
tr_rutagu_24,Pedro,Álvarez Álvarez,46,HOMBRE,PT2H46M10.258541S
tr_rutagu_24,Nuria,Gómez Hernández,56,MUJER,PT2H26M54.318506S
tr_rutagu_24,Alejandro,Rodríguez Blanco,46,HOMBRE,PT2H50M52.556738S
tr_rutagu_24,Fernando,Fernández Gil,39,HOMBRE,PT2H28M10.529918S
tr_rutagu_24,Luis,García Martín,30,HOMBRE,PT2H55M33.02898S
tr_rutagu_24,Miguel,Serrano Rodríguez,35,HOMBRE,PT2H35M36.498318S
tr_rutagu_24,Paula,Martínez Martínez,34,MUJER,PT2H15M16.85957S
tr_rutagu_24,Sara,Hernández Moreno,34,MUJER,PT2H12M39.861384S
tr_rutagu_24,Pedro,García Sánchez,26,HOMBRE,PT2H44M37.731805S
tr_rutagu_24,Enrique,Pérez Alonso,51,HOMBRE,PT2H47M45.114935S
tr_rutagu_24,Alejandro,Pérez Díaz,53,HOMBRE,PT2H46M8.625044S
tr_rutagu_24,María,Gutiérrez Vázquez,48,MUJER,PT2H50M33.522933S
tr_rutagu_24,Luis,Jiménez Serrano,42,HOMBRE,PT2H53M52.8172S
tr_rutagu_24,Fernando,Fernández García,57,HOMBRE,PT2H57M6.209832S
tr_rutagu_24,Luis,Pérez Moreno,51,HOMBRE,PT2H10M20.220837S
tr_rutagu_24,Miguel,Torres Romero,22,HOMBRE,PT2H16M59.712806S
tr_rutagu_24,Teresa,Martínez Gutiérrez,55,MUJER,PT2H6M18.42227S
tr_rutagu_24,Fernando,López Torres,34,HOMBRE,PT2H35M59.998798S
tr_rutagu_24,Carlos,Ramírez Vázquez,35,HOMBRE,PT2H8M20.827745S
tr_rutagu_24,Enrique,Martínez Moreno,50,HOMBRE,PT2H51M0.502201S
tr_rutagu_24,Francisco,Navarro Pérez,24,HOMBRE,PT2H34M1.887292S
tr_rutagu_24,Alejandro,Ruiz Blanco,39,HOMBRE,PT2H38M47.972422S
tr_rutagu_24,Nuria,Gil Gutiérrez,25,MUJER,PT2H51M51.290536S
tr_rutagu_24,Enrique,Díaz Gutiérrez,55,HOMBRE,PT2H21M37.115054S
tr_rutagu_24,David,Ruiz Ramos,54,HOMBRE,PT2H45M3.804144S
tr_rutagu_24,Pilar,Jiménez Gómez,47,MUJER,PT2H33M54.976013S
tr_rutagu_24,Carlos,Gómez Domínguez,35,HOMBRE,PT2H10M47.593863S
tr_rutagu_24,Alejandro,García Gómez,23,HOMBRE,PT2H9M10.159609S
tr_rutagu_24,Carmen,Fernández Navarro,54,MUJER,PT2H12M14.203099S
tr_rutagu_24,Laura,Martín Álvarez,41,MUJER,PT2H35M23.515714S
tr_rutagu_24,Manuel,Jiménez Vázquez,57,HOMBRE,PT2H30M7.920899S
tr_rutagu_24,Raúl,Fernández Domínguez,36,HOMBRE,PT2H25M40.950779S
tr_rutagu_24,Enrique,Gutiérrez Gutiérrez,23,HOMBRE,PT2H25M5.423718S
tr_rutagu_24,Álvaro,Álvarez Molina,48,HOMBRE,PT2H11M43.26153S
tr_rutagu_24,Manuel,Ramos Torres,32,HOMBRE,PT2H22M39.88373S
tr_rutagu_24,Francisco,García Díaz,39,HOMBRE,PT2H29M38.435188S
tr_rutagu_24,Javier,Pérez Fernández,48,HOMBRE,PT2H6M31.311364S
tr_rutagu_24,Manuel,Serrano Alonso,29,HOMBRE,PT2H17M59.343597S
tr_rutagu_24,Enrique,Martínez Gómez,24,HOMBRE,PT2H36M31.115754S
tr_rutagu_24,Enrique,Martínez Rodríguez,18,HOMBRE,PT2H15M5.001974S
tr_rutagu_24,Lucía,Navarro Álvarez,24,MUJER,PT2H48M59.044697S
tr_rutagu_24,Pilar,Ramírez Hernández,34,MUJER,PT2H50M41.973696S
tr_rutagu_24,Sara,Pérez Ruiz,40,MUJER,PT2H36M20.92419S
tr_rutagu_24,Antonio,Martín Jiménez,56,HOMBRE,PT2H29M9.035955S
tr_rutagu_24,Carlos,Domínguez García,20,HOMBRE,PT2H57M53.921693S
tr_rutagu_24,David,Jiménez Fernández,39,HOMBRE,PT2H13M36.74942S
tr_rutagu_24,Francisco,Álvarez Molina,44,HOMBRE,PT2H32M25.113878S
tr_rutagu_24,Ana,Ramos Martínez,19,MUJER,PT2H33M52.181316S
tr_rutagu_24,Miguel,Jiménez Martín,18,HOMBRE,PT2H13M8.867901S
imd_sev_noct_23,Alejandro,Romero Vázquez,56,HOMBRE,PT54M48.613422S
imd_sev_noct_23,Pilar,Blanco Domínguez,28,MUJER,PT48M12.031413S
imd_sev_noct_23,Enrique,Ramos Blanco,23,HOMBRE,PT41M49.504415S
imd_sev_noct_23,Carlos,Ruiz González,45,HOMBRE,PT44M44.028875S
imd_sev_noct_23,Teresa,Alonso Gil,24,MUJER,PT42M13.509899S
imd_sev_noct_23,Pedro,Ramírez Vázquez,56,HOMBRE,PT54M30.551631S
imd_sev_noct_23,Álvaro,García Muñoz,27,HOMBRE,PT40M28.51804S
imd_sev_noct_23,Sara,González Ramos,45,MUJER,PT50M47.848617S
imd_sev_noct_23,Laura,Alonso Jiménez,34,MUJER,PT54M59.764863S
imd_sev_noct_23,Ana,Ramos Martínez,19,MUJER,PT47M51.32877S
imd_sev_noct_23,Pedro,Gómez Alonso,56,HOMBRE,PT40M19.420129S
imd_sev_noct_23,Antonio,Gil Gutiérrez,51,HOMBRE,PT40M3.973497S
imd_sev_noct_23,María,Rodríguez Gil,50,MUJER,PT46M58.519146S
imd_sev_noct_23,Manuel,Fernández Gutiérrez,24,HOMBRE,PT48M26.267843S
imd_sev_noct_23,Teresa,Domínguez López,18,MUJER,PT49M28.305674S
imd_sev_noct_23,Francisco,González Gil,51,HOMBRE,PT53M19.54069S
imd_sev_noct_23,Miguel,Muñoz Martín,22,HOMBRE,PT51M17.690595S
imd_sev_noct_23,Juan,Martín Romero,26,HOMBRE,PT53M51.797762S
imd_sev_noct_23,Raúl,Torres Gutiérrez,20,HOMBRE,PT53M41.664691S
imd_sev_noct_23,Carlos,Serrano Torres,36,HOMBRE,PT55M0.594461S
imd_sev_noct_23,Elena,Gil López,29,MUJER,PT54M35.866084S
imd_sev_noct_23,Miguel,Díaz González,22,HOMBRE,PT50M18.736326S
imd_sev_noct_23,Antonio,Domínguez Gómez,55,HOMBRE,PT40M31.0463S
imd_sev_noct_23,María,Ruiz Gutiérrez,28,MUJER,PT52M29.007568S
imd_sev_noct_23,Juan,González Martín,56,HOMBRE,PT41M53.1459S
imd_sev_noct_23,Pedro,Álvarez Álvarez,46,HOMBRE,PT52M3.789004S
imd_sev_noct_23,Francisco,García González,41,HOMBRE,PT41M3.319711S
imd_sev_noct_23,Manuel,Muñoz Serrano,20,HOMBRE,PT40M2.855144S
imd_sev_noct_23,Teresa,Moreno Ramírez,46,MUJER,PT52M33.573167S
imd_sev_noct_23,Antonio,Blanco Navarro,51,HOMBRE,PT45M48.11384S
imd_sev_noct_23,Javier,López González,19,HOMBRE,PT55M13.719523S
imd_sev_noct_23,Manuel,Pérez Álvarez,55,HOMBRE,PT39M48.788317S
imd_sev_noct_23,Álvaro,Díaz Ramírez,30,HOMBRE,PT49M11.807546S
imd_sev_noct_23,Enrique,Pérez Álvarez,58,HOMBRE,PT40M30.170801S
imd_sev_noct_23,Sara,Navarro Díaz,53,MUJER,PT47M12.09422S
imd_sev_noct_23,David,Moreno López,19,HOMBRE,PT53M7.922359S
imd_sev_noct_23,Fernando,Fernández García,57,HOMBRE,PT54M39.973948S
imd_sev_noct_23,Enrique,González Rodríguez,36,HOMBRE,PT38M54.343443S
imd_sev_noct_23,Ana,Navarro Hernández,54,MUJER,PT48M49.734509S
imd_sev_noct_23,Pedro,García Romero,49,HOMBRE,PT47M12.12957S
imd_sev_noct_23,Luis,García Martín,30,HOMBRE,PT54M38.318048S
imd_sev_noct_23,Teresa,Gil Gómez,39,MUJER,PT45M34.604034S
imd_sev_noct_23,Miguel,Jiménez Ruiz,40,HOMBRE,PT41M39.160611S
imd_sev_noct_23,Alicia,Gil Blanco,42,MUJER,PT44M49.187553S
imd_sev_noct_23,Alejandro,Blanco González,47,HOMBRE,PT42M44.311815S
imd_sev_noct_23,Lucía,Ramírez Blanco,34,MUJER,PT52M12.945798S
imd_sev_noct_23,Álvaro,Blanco Díaz,54,HOMBRE,PT53M39.576289S
imd_sev_noct_23,Nuria,López Molina,38,MUJER,PT43M10.228072S
imd_sev_noct_23,Elena,González Ramos,49,MUJER,PT47M14.220715S
imd_sev_noct_23,Miguel,Hernández González,18,HOMBRE,PT54M47.183629S
imd_sev_noct_23,David,Alonso Torres,56,HOMBRE,PT45M20.498953S
imd_sev_noct_23,Paula,Pérez Alonso,44,MUJER,PT43M31.617109S
imd_sev_noct_23,Juan,Pérez Gil,43,HOMBRE,PT52M46.400939S
imd_sev_noct_23,Carlos,Martínez Martín,37,HOMBRE,PT48M14.459349S
imd_sev_noct_23,Sara,Gómez Molina,18,MUJER,PT46M50.187502S
imd_sev_noct_23,Miguel,Domínguez Rodríguez,35,HOMBRE,PT46M36.874416S
imd_sev_noct_23,Fernando,Martínez Ramírez,46,HOMBRE,PT42M24.476058S
imd_sev_noct_23,Enrique,Gil Gutiérrez,39,HOMBRE,PT46M35.981606S
imd_sev_noct_23,Teresa,Ruiz Navarro,35,MUJER,PT49M26.707505S
imd_sev_noct_23,Laura,Gutiérrez Blanco,27,MUJER,PT46M25.055239S
imd_sev_noct_23,Sara,García Fernández,57,MUJER,PT46M39.984138S
imd_sev_noct_23,Álvaro,Domínguez Blanco,19,HOMBRE,PT41M44.203882S
imd_sev_noct_23,María,Ruiz Alonso,44,MUJER,PT46M46.824435S
imd_sev_noct_23,Nuria,Pérez Molina,25,MUJER,PT54M19.820433S
imd_sev_noct_23,Antonio,González Alonso,40,HOMBRE,PT44M19.654274S
imd_sev_noct_23,Alejandro,Torres Alonso,18,HOMBRE,PT49M7.33598S
imd_sev_noct_23,Manuel,Domínguez Domínguez,19,HOMBRE,PT45M39.506997S
imd_sev_noct_23,Luis,Pérez Moreno,51,HOMBRE,PT40M13.631895S
imd_sev_noct_23,Manuel,Romero Hernández,52,HOMBRE,PT42M58.836098S
imd_sev_noct_23,Manuel,Moreno López,40,HOMBRE,PT47M40.940474S
imd_sev_noct_23,Laura,Sánchez Jiménez,28,MUJER,PT55M30.486621S
imd_sev_noct_23,Manuel,Gil Moreno,50,HOMBRE,PT39M2.509525S
imd_sev_noct_23,Pedro,Navarro García,39,HOMBRE,PT42M42.207915S
imd_sev_noct_23,Ana,Ramírez Domínguez,23,MUJER,PT39M53.733116S
imd_sev_noct_23,Fernando,Blanco García,35,HOMBRE,PT46M14.190349S
imd_sev_noct_23,Fernando,Ruiz Gómez,49,HOMBRE,PT39M27.648615S
imd_sev_noct_23,Teresa,Gutiérrez Ruiz,18,MUJER,PT43M16.255716S
imd_sev_noct_23,Manuel,Gil Molina,19,HOMBRE,PT54M39.06731S
imd_sev_noct_23,Francisco,Navarro Pérez,24,HOMBRE,PT47M39.674254S
imd_sev_noct_23,Carmen,Martín Fernández,27,MUJER,PT55M24.786568S
imd_sev_noct_23,Pedro,Moreno Torres,51,HOMBRE,PT42M55.926088S
imd_sev_noct_23,Antonio,Blanco Serrano,36,HOMBRE,PT42M41.901688S
medmar_sev_24,Carlos,Alonso Hernández,25,HOMBRE,PT1H48M0.733343S
medmar_sev_24,Manuel,Pérez Ramírez,33,HOMBRE,PT1H57M25.221081S
medmar_sev_24,Manuel,Fernández Gutiérrez,24,HOMBRE,PT2H3.270786S
medmar_sev_24,Ana,Blanco Serrano,23,MUJER,PT2H2M54.505951S
medmar_sev_24,Álvaro,Domínguez Blanco,19,HOMBRE,PT1H43M9.456036S
medmar_sev_24,Juan,Martín Ruiz,22,HOMBRE,PT1H52M12.664626S
medmar_sev_24,Juan,Moreno Ruiz,30,HOMBRE,PT1H55M29.584785S
medmar_sev_24,Francisco,García Díaz,39,HOMBRE,PT1H54M35.543933S
medmar_sev_24,Elena,Ramos Ramos,52,MUJER,PT1H39M11.307526S
medmar_sev_24,Miguel,González Ruiz,54,HOMBRE,PT1H36M4.443875S
medmar_sev_24,Enrique,Díaz Gutiérrez,55,HOMBRE,PT1H48M35.704556S
medmar_sev_24,Álvaro,Muñoz Hernández,51,HOMBRE,PT1H57M33.832434S
medmar_sev_24,Enrique,González Rodríguez,36,HOMBRE,PT1H37M6.394425S
medmar_sev_24,Alejandro,Álvarez García,52,HOMBRE,PT1H50M42.097744S
medmar_sev_24,Álvaro,Álvarez Molina,48,HOMBRE,PT1H41M42.915763S
medmar_sev_24,Marta,García Muñoz,39,MUJER,PT1H43M53.686455S
medmar_sev_24,Antonio,Domínguez Gómez,55,HOMBRE,PT1H38M31.900918S
medmar_sev_24,Sofía,Ramos Muñoz,49,MUJER,PT1H51M20.399992S
medmar_sev_24,Miguel,Molina Álvarez,27,HOMBRE,PT2H13M14.563223S
medmar_sev_24,Francisco,Domínguez Díaz,37,HOMBRE,PT2H3M30.702969S
medmar_sev_24,Javier,Gutiérrez Domínguez,29,HOMBRE,PT1H58M5.812718S
medmar_sev_24,Manuel,Fernández González,41,HOMBRE,PT1H54M37.073675S
medmar_sev_24,Javier,García Hernández,50,HOMBRE,PT1H44M11.749508S
medmar_sev_24,Antonio,Romero Rodríguez,41,HOMBRE,PT2H7M25.956888S
medmar_sev_24,Ana,Ramos Martínez,19,MUJER,PT1H58M48.552008S
medmar_sev_24,Fernando,Ruiz Gómez,49,HOMBRE,PT1H38M19.539863S
medmar_sev_24,Enrique,Molina Serrano,42,HOMBRE,PT2H16M16.12059S
medmar_sev_24,Ana,Gil Ramos,57,MUJER,PT2H3M57.874124S
medmar_sev_24,Pedro,Martínez Sánchez,39,HOMBRE,PT2H11.533402S
medmar_sev_24,Juan,Fernández Martín,56,HOMBRE,PT1H36M11.158034S
medmar_sev_24,Luis,Blanco Pérez,51,HOMBRE,PT2H10M9.079149S
medmar_sev_24,Lucía,Domínguez Gutiérrez,41,MUJER,PT1H42M51.556787S
medmar_sev_24,Teresa,Gutiérrez Ruiz,18,MUJER,PT1H47M55.086688S
medmar_sev_24,Alejandro,Díaz López,52,HOMBRE,PT1H38M11.503355S
medmar_sev_24,Elena,González Ramos,49,MUJER,PT1H56M9.629816S
medmar_sev_24,Carmen,Martín Fernández,27,MUJER,PT2H18M1.300261S
medmar_sev_24,Alejandro,Alonso Romero,40,HOMBRE,PT2H9M42.004475S
medmar_sev_24,Francisco,García González,41,HOMBRE,PT1H41M26.319523S
medmar_sev_24,Carmen,Pérez Ramírez,32,MUJER,PT1H45M56.02724S
medmar_sev_24,Laura,Gutiérrez Domínguez,42,MUJER,PT1H37M14.54239S
medmar_sev_24,Carlos,Torres Hernández,47,HOMBRE,PT2H9M20.01381S
medmar_sev_24,Sara,Muñoz Sánchez,41,MUJER,PT1H45M45.48538S
medmar_sev_24,Álvaro,Martínez Blanco,55,HOMBRE,PT1H59M20.046236S
medmar_sev_24,Álvaro,Martínez Martínez,52,HOMBRE,PT1H37M19.563224S
medmar_sev_24,Pedro,Ramírez Ramos,47,HOMBRE,PT1H46M17.49445S
medmar_sev_24,Martina,García García,44,MUJER,PT1H46M32.823612S
medmar_sev_24,Juan,Pérez Gil,43,HOMBRE,PT2H9M45.46113S
medmar_sev_24,Antonio,Vázquez Domínguez,31,HOMBRE,PT2H11M46.307019S
medmar_sev_24,Nuria,Vázquez Gómez,53,MUJER,PT1H40M44.217829S
medmar_sev_24,Teresa,Alonso Hernández,24,MUJER,PT2H3M24.240293S
medmar_sev_24,Lucía,López García,26,MUJER,PT1H58M32.441247S
medmar_sev_24,Ana,Torres García,28,MUJER,PT1H59M12.956116S
medmar_sev_24,Pedro,López Moreno,22,HOMBRE,PT1H55M37.441549S
medmar_sev_24,Francisco,Navarro Pérez,39,HOMBRE,PT1H55M30.281129S
medmar_sev_24,Raúl,Vázquez Domínguez,37,HOMBRE,PT1H38M58.129427S
medmar_sev_24,Miguel,Jiménez Ruiz,40,HOMBRE,PT1H42M47.758637S
medmar_sev_24,Álvaro,Muñoz Torres,21,HOMBRE,PT2H16M4.000018S
medmar_sev_24,Juan,Martín Romero,26,HOMBRE,PT2H11M20.848046S
medmar_sev_24,Álvaro,Torres Serrano,57,HOMBRE,PT2H16M18.485032S
medmar_sev_24,Carlos,González Jiménez,45,HOMBRE,PT1H58M57.539958S
medmar_sev_24,Fernando,Navarro Alonso,54,HOMBRE,PT1H43M35.038381S
medmar_sev_24,Antonio,Blanco Navarro,51,HOMBRE,PT1H53M8.466551S
medmar_sev_24,Alejandro,Torres Torres,54,HOMBRE,PT1H36M10.361124S
medmar_sev_24,Antonio,González Alonso,40,HOMBRE,PT1H48M45.053909S
medmar_sev_24,Alejandro,Blanco González,47,HOMBRE,PT1H45M45.283926S
medmar_sev_24,Marta,González González,20,MUJER,PT2H6M26.993726S
medmar_sev_24,Teresa,Vázquez Moreno,54,MUJER,PT1H46M28.648502S
medmar_sev_24,Marta,García Muñoz,51,MUJER,PT2H9M47.503679S
medmar_sev_24,María,Blanco Domínguez,46,MUJER,PT1H49M1.35962S
medmar_sev_24,Pedro,Domínguez Ruiz,22,HOMBRE,PT2H3M44.147459S
medmar_sev_24,Manuel,Domínguez Domínguez,19,HOMBRE,PT1H51M15.874367S
medmar_sev_24,Paula,Ruiz Fernández,41,MUJER,PT2H10M26.028312S
tr_lima_pedr_24,Pedro,Jiménez Moreno,19,HOMBRE,PT1H27M55.944354S
tr_lima_pedr_24,Miguel,Fernández Domínguez,57,HOMBRE,PT1H6M55.171177S
tr_lima_pedr_24,Carlos,Jiménez Fernández,49,HOMBRE,PT1H5M12.851586S
tr_lima_pedr_24,Javier,López Moreno,37,HOMBRE,PT1H7M53.391606S
tr_lima_pedr_24,Teresa,Gil Gómez,39,MUJER,PT1H13M58.053704S
tr_lima_pedr_24,Fernando,Navarro Alonso,54,HOMBRE,PT1H9M0.474064S
tr_lima_pedr_24,Pedro,Gil Romero,44,HOMBRE,PT1H6M8.42854S
tr_lima_pedr_24,Nuria,Gómez Hernández,56,MUJER,PT1H14M27.416694S
tr_lima_pedr_24,Martina,García Serrano,33,MUJER,PT1H7M8.423179S
tr_lima_pedr_24,María,García Gutiérrez,49,MUJER,PT1H21M6.798755S
tr_lima_pedr_24,David,Muñoz Navarro,50,HOMBRE,PT1H19M59.004482S
tr_lima_pedr_24,Miguel,Torres Romero,22,HOMBRE,PT1H10M3.835611S
tr_lima_pedr_24,Carlos,Álvarez Romero,55,HOMBRE,PT1H22M46.256255S
tr_lima_pedr_24,Álvaro,Torres Serrano,57,HOMBRE,PT1H30M12.710549S
tr_lima_pedr_24,Alicia,Moreno López,38,MUJER,PT1H20M13.903004S
tr_lima_pedr_24,Enrique,Gil Gutiérrez,39,HOMBRE,PT1H15M48.028528S
tr_lima_pedr_24,Javier,Navarro Domínguez,21,HOMBRE,PT1H10M57.141138S
tr_lima_pedr_24,Juan,Moreno Ruiz,30,HOMBRE,PT1H17M12.228942S
tr_lima_pedr_24,Carlos,González Jiménez,45,HOMBRE,PT1H18M33.255885S
tr_lima_pedr_24,Carmen,Romero Domínguez,21,MUJER,PT1H5M27.615764S
tr_lima_pedr_24,Enrique,Pérez Alonso,51,HOMBRE,PT1H26M0.549422S
tr_lima_pedr_24,Javier,Pérez Fernández,48,HOMBRE,PT1H4M5.285785S
tr_lima_pedr_24,Manuel,Pérez Ramírez,33,HOMBRE,PT1H18M29.274169S
tr_lima_pedr_24,Marta,Ramos Gil,33,MUJER,PT1H26M38.071555S
tr_lima_pedr_24,Raúl,Torres Pérez,50,HOMBRE,PT1H5M35.29069S
tr_lima_pedr_24,Lucía,Gutiérrez Fernández,42,MUJER,PT1H5M12.963474S
tr_lima_pedr_24,Álvaro,Muñoz Pérez,29,HOMBRE,PT1H17M25.066335S
tr_lima_pedr_24,Ana,Navarro Hernández,54,MUJER,PT1H20M50.268603S
tr_lima_pedr_24,María,González Navarro,27,MUJER,PT1H14M50.221262S
tr_lima_pedr_24,Lucía,Navarro Álvarez,24,MUJER,PT1H26M38.640937S
tr_lima_pedr_24,Antonio,Domínguez Blanco,28,HOMBRE,PT1H17M46.443231S
tr_lima_pedr_24,Francisco,Martínez Romero,27,HOMBRE,PT1H11M25.996273S
tr_lima_pedr_24,David,Ruiz Ramos,54,HOMBRE,PT1H24M35.209382S
tr_lima_pedr_24,Manuel,Ramos Torres,32,HOMBRE,PT1H13M2.777171S
tr_lima_pedr_24,Teresa,Vázquez Moreno,54,MUJER,PT1H11M20.216857S
tr_lima_pedr_24,Antonio,Martínez Alonso,25,HOMBRE,PT1H13M38.913596S
tr_lima_pedr_24,Francisco,Domínguez García,42,HOMBRE,PT1H12M16.007708S
tr_lima_pedr_24,Francisco,Martín Serrano,41,HOMBRE,PT1H19M21.384593S
tr_lima_pedr_24,Lucía,Gil Díaz,47,MUJER,PT1H24M35.122124S
tr_lima_pedr_24,María,Gutiérrez Vázquez,48,MUJER,PT1H26M50.884402S
tr_lima_pedr_24,Antonio,Martín Martínez,42,HOMBRE,PT1H23M19.253208S
tr_lima_pedr_24,Enrique,Pérez Álvarez,58,HOMBRE,PT1H5M19.987202S
tr_lima_pedr_24,Francisco,Gutiérrez Romero,26,HOMBRE,PT1H8M58.889458S
tr_lima_pedr_24,Álvaro,Álvarez Molina,48,HOMBRE,PT1H6M53.751324S
tr_lima_pedr_24,Alejandro,Romero Torres,56,HOMBRE,PT1H8M5.770869S
tr_lima_pedr_24,Javier,Moreno Álvarez,21,HOMBRE,PT1H24M34.96232S
tr_lima_pedr_24,Raúl,Fernández Domínguez,36,HOMBRE,PT1H13M53.520397S
tr_lima_pedr_24,Álvaro,García Muñoz,27,HOMBRE,PT1H6M10.853242S
tr_lima_pedr_24,Martina,Martínez Moreno,19,MUJER,PT1H11M21.517236S
tr_lima_pedr_24,Luis,Jiménez Ruiz,47,HOMBRE,PT1H26M0.229294S
tr_lima_pedr_24,Fernando,Alonso Jiménez,31,HOMBRE,PT1H15M13.205423S
tr_lima_pedr_24,Raúl,Muñoz Romero,34,HOMBRE,PT1H29M49.911125S
tr_lima_pedr_24,Sara,García Fernández,57,MUJER,PT1H17M2.209168S
tr_lima_pedr_24,Juan,Ramírez Molina,18,HOMBRE,PT1H23M40.072465S
tr_lima_pedr_24,Laura,Fernández Fernández,49,MUJER,PT1H12M51.17226S
